20250818,00:00:00,1.17061,1.17071,1.17048,1.1705,172,172,1
20250818,00:05:00,1.17052,1.17062,1.17027,1.17036,262,262,1
20250818,00:10:00,1.17037,1.17058,1.17033,1.17046,165,165,1
20250818,00:15:00,1.17048,1.17079,1.17034,1.17079,126,126,1
20250818,00:20:00,1.17079,1.17106,1.17079,1.1709,78,78,1
20250818,00:25:00,1.17091,1.17101,1.17072,1.17088,118,118,1
20250818,00:30:00,1.17092,1.17097,1.17059,1.17064,157,157,1
20250818,00:35:00,1.17063,1.17065,1.17049,1.1705,186,186,1
20250818,00:40:00,1.17048,1.17055,1.17021,1.17022,272,272,1
20250818,00:45:00,1.17022,1.17032,1.17014,1.17032,155,155,1
20250818,00:50:00,1.17028,1.17031,1.17001,1.17004,384,384,1
20250818,00:55:00,1.17001,1.17028,1.17001,1.17012,503,503,1
20250818,01:00:00,1.17012,1.1702,1.17001,1.17001,372,372,1
20250818,01:05:00,1.17003,1.17003,1.16971,1.16985,426,426,1
20250818,01:10:00,1.16987,1.1701,1.16971,1.16972,266,266,1
20250818,01:15:00,1.16971,1.16986,1.1696,1.16972,233,233,1
20250818,01:20:00,1.16972,1.16974,1.16946,1.16963,85,85,1
20250818,01:25:00,1.16964,1.16968,1.16956,1.16958,119,119,1
20250818,01:30:00,1.16958,1.16958,1.16935,1.16943,125,125,1
20250818,01:35:00,1.16943,1.16985,1.16942,1.1697,157,157,1
20250818,01:40:00,1.16972,1.1698,1.16955,1.16955,168,168,1
20250818,01:45:00,1.16956,1.16998,1.16956,1.16995,132,132,1
20250818,01:50:00,1.16997,1.17039,1.16994,1.17032,135,135,1
20250818,01:55:00,1.17037,1.17045,1.17021,1.1703,125,125,1
20250818,02:00:00,1.17031,1.17052,1.1703,1.17031,226,226,1
20250818,02:05:00,1.17033,1.17033,1.17011,1.17026,122,122,1
20250818,02:10:00,1.17026,1.17026,1.17014,1.17016,76,76,1
20250818,02:15:00,1.17014,1.17015,1.16996,1.17006,180,180,1
20250818,02:20:00,1.17004,1.17007,1.16987,1.16992,51,51,1
20250818,02:25:00,1.1699,1.16995,1.16981,1.16993,41,41,1
20250818,02:30:00,1.16993,1.17015,1.16988,1.17014,84,84,1
20250818,02:35:00,1.17016,1.17017,1.17001,1.17001,51,51,1
20250818,02:40:00,1.16999,1.16999,1.16974,1.16987,69,69,1
20250818,02:45:00,1.16986,1.17013,1.16984,1.17003,93,93,1
20250818,02:50:00,1.17002,1.17011,1.16987,1.17,112,112,1
20250818,02:55:00,1.17,1.17013,1.16994,1.17012,47,47,1
20250818,03:00:00,1.17012,1.17043,1.17004,1.17034,88,88,1
20250818,03:05:00,1.17034,1.17036,1.17027,1.17029,67,67,1
20250818,03:10:00,1.17028,1.17031,1.16997,1.17002,134,134,1
20250818,03:15:00,1.17002,1.17018,1.17001,1.17018,73,73,1
20250818,03:20:00,1.17016,1.17023,1.17004,1.17021,49,49,1
20250818,03:25:00,1.17018,1.17038,1.17018,1.17037,48,48,1
20250818,03:30:00,1.17036,1.17044,1.17022,1.17031,93,93,1
20250818,03:35:00,1.17031,1.1704,1.17026,1.17038,69,69,1
20250818,03:40:00,1.17037,1.17044,1.17016,1.17021,75,75,1
20250818,03:45:00,1.17025,1.17033,1.17017,1.17018,111,111,1
20250818,03:50:00,1.17018,1.17029,1.17006,1.17006,110,110,1
20250818,03:55:00,1.17008,1.17037,1.17004,1.17033,159,159,1
20250818,04:00:00,1.17034,1.17073,1.1703,1.17052,222,222,1
20250818,04:05:00,1.17054,1.17068,1.17045,1.17066,230,230,1
20250818,04:10:00,1.17067,1.17071,1.17026,1.17038,124,124,1
20250818,04:15:00,1.17037,1.17043,1.17025,1.17036,66,66,1
20250818,04:20:00,1.17036,1.17053,1.17029,1.17045,184,184,1
20250818,04:25:00,1.17047,1.17054,1.17033,1.17041,81,81,1
20250818,04:30:00,1.17043,1.17068,1.17043,1.17068,132,132,1
20250818,04:35:00,1.17068,1.17087,1.1706,1.17081,322,322,2
20250818,04:40:00,1.1708,1.17086,1.17067,1.17067,116,116,1
20250818,04:45:00,1.17068,1.17098,1.17068,1.17084,167,167,1
20250818,04:50:00,1.17084,1.17096,1.17079,1.17095,123,123,1
20250818,04:55:00,1.17093,1.17102,1.17075,1.17082,200,200,1
20250818,05:00:00,1.17082,1.17089,1.17072,1.17087,184,184,1
20250818,05:05:00,1.17089,1.17089,1.17059,1.1707,143,143,1
20250818,05:10:00,1.17069,1.17069,1.17046,1.17046,54,54,1
20250818,05:15:00,1.17043,1.17048,1.17033,1.17044,106,106,1
20250818,05:20:00,1.17045,1.17062,1.17043,1.17048,139,139,1
20250818,05:25:00,1.17048,1.17054,1.17035,1.17036,166,166,1
20250818,05:30:00,1.17034,1.17041,1.17012,1.17023,141,141,1
20250818,05:35:00,1.17021,1.17039,1.1702,1.17036,96,96,1
20250818,05:40:00,1.17041,1.17052,1.17029,1.17033,190,190,1
20250818,05:45:00,1.17032,1.17067,1.17032,1.17066,258,258,1
20250818,05:50:00,1.17067,1.17068,1.17045,1.17057,162,162,3
20250818,05:55:00,1.17057,1.17071,1.17051,1.17059,143,143,1
20250818,06:00:00,1.17056,1.17076,1.17045,1.17065,366,366,1
20250818,06:05:00,1.17065,1.17067,1.17039,1.17055,240,240,1
20250818,06:10:00,1.17056,1.17056,1.1702,1.1702,214,214,1
20250818,06:15:00,1.17019,1.17028,1.1701,1.17013,285,285,1
20250818,06:20:00,1.1701,1.17019,1.17003,1.17003,249,249,1
20250818,06:25:00,1.17005,1.17015,1.16959,1.16964,197,197,1
20250818,06:30:00,1.16961,1.16988,1.16956,1.16974,200,200,1
20250818,06:35:00,1.16973,1.16991,1.16962,1.16977,169,169,1
20250818,06:40:00,1.16976,1.1698,1.16951,1.16961,138,138,1
20250818,06:45:00,1.16964,1.17,1.16952,1.16952,221,221,1
20250818,06:50:00,1.16951,1.16974,1.1695,1.16966,201,201,1
20250818,06:55:00,1.16965,1.16965,1.16933,1.16964,384,384,1
20250818,07:00:00,1.16967,1.1697,1.16927,1.16935,201,201,1
20250818,07:05:00,1.16936,1.16957,1.16925,1.16943,167,167,1
20250818,07:10:00,1.16942,1.17026,1.16942,1.17011,250,250,1
20250818,07:15:00,1.1701,1.17013,1.16962,1.16971,264,264,1
20250818,07:20:00,1.1697,1.17028,1.1697,1.17021,201,201,1
20250818,07:25:00,1.1702,1.1702,1.16989,1.17,163,163,1
20250818,07:30:00,1.17,1.17033,1.16989,1.1699,223,223,1
20250818,07:35:00,1.1699,1.17,1.16963,1.16971,189,189,1
20250818,07:40:00,1.1697,1.17007,1.16966,1.16999,143,143,1
20250818,07:45:00,1.16995,1.17008,1.16932,1.16932,194,194,1
20250818,07:50:00,1.16933,1.16938,1.1684,1.16861,432,432,1
20250818,07:55:00,1.16859,1.16859,1.16802,1.16813,389,389,1
20250818,08:00:00,1.16809,1.16821,1.1671,1.16717,511,511,1
20250818,08:05:00,1.16717,1.16754,1.16715,1.16739,410,410,1
20250818,08:10:00,1.16739,1.16755,1.16717,1.16726,211,211,1
20250818,08:15:00,1.16725,1.16767,1.16724,1.16764,286,286,1
20250818,08:20:00,1.16764,1.16822,1.16757,1.16822,699,699,1
20250818,08:25:00,1.1682,1.16855,1.1682,1.16849,415,415,1
20250818,08:30:00,1.16847,1.16864,1.16834,1.16854,176,176,1
20250818,08:35:00,1.16853,1.16871,1.16838,1.16849,249,249,1
20250818,08:40:00,1.16843,1.16852,1.16828,1.16828,166,166,1
20250818,08:45:00,1.1683,1.16872,1.16816,1.16858,322,322,1
20250818,08:50:00,1.16862,1.16869,1.16832,1.16861,169,169,1
20250818,08:55:00,1.16858,1.16858,1.16805,1.16818,277,277,1
20250818,09:00:00,1.16821,1.16831,1.1677,1.16781,182,182,1
20250818,09:05:00,1.16782,1.16838,1.1677,1.16834,161,161,1
20250818,09:10:00,1.16832,1.16858,1.1682,1.16854,241,241,1
20250818,09:15:00,1.16853,1.16856,1.16815,1.16823,151,151,1
20250818,09:20:00,1.16822,1.16827,1.16798,1.16812,116,116,1
20250818,09:25:00,1.16813,1.16837,1.16813,1.16815,138,138,1
20250818,09:30:00,1.16815,1.16819,1.1679,1.16798,127,127,1
20250818,09:35:00,1.16796,1.16809,1.16759,1.16773,133,133,1
20250818,09:40:00,1.16774,1.16776,1.16733,1.16738,178,178,1
20250818,09:45:00,1.1674,1.16752,1.16734,1.16743,117,117,1
20250818,09:50:00,1.16744,1.16759,1.16729,1.16748,229,229,1
20250818,09:55:00,1.1675,1.16813,1.16747,1.16801,410,410,1
20250818,10:00:00,1.16798,1.16813,1.16787,1.16811,204,204,1
20250818,10:05:00,1.1681,1.1681,1.16777,1.16788,147,147,1
20250818,10:10:00,1.16787,1.16805,1.16787,1.168,112,112,1
20250818,10:15:00,1.16798,1.16819,1.16795,1.16799,121,121,1
20250818,10:20:00,1.16799,1.16805,1.16786,1.16791,99,99,1
20250818,10:25:00,1.1679,1.16799,1.16773,1.16788,98,98,1
20250818,10:30:00,1.1679,1.16806,1.16779,1.16805,124,124,1
20250818,10:35:00,1.16805,1.16815,1.16787,1.168,133,133,1
20250818,10:40:00,1.16799,1.16822,1.16798,1.16816,168,168,1
20250818,10:45:00,1.16815,1.16828,1.16807,1.16807,131,131,1
20250818,10:50:00,1.16807,1.16829,1.1679,1.16803,85,85,1
20250818,10:55:00,1.16801,1.16812,1.16796,1.16808,119,119,1
20250818,11:00:00,1.16807,1.16848,1.16802,1.16847,130,130,1
20250818,11:05:00,1.16851,1.16855,1.16843,1.16852,64,64,1
20250818,11:10:00,1.16854,1.16882,1.16852,1.16859,89,89,1
20250818,11:15:00,1.1686,1.16872,1.16843,1.16846,139,139,1
20250818,11:20:00,1.16843,1.16877,1.16832,1.16873,104,104,1
20250818,11:25:00,1.16871,1.16879,1.16847,1.16862,130,130,1
20250818,11:30:00,1.16863,1.16863,1.16811,1.16826,275,275,1
20250818,11:35:00,1.16825,1.16841,1.16823,1.16833,238,238,1
20250818,11:40:00,1.16833,1.16843,1.16823,1.16833,125,125,1
20250818,11:45:00,1.16835,1.16835,1.16812,1.16825,213,213,1
20250818,11:50:00,1.16825,1.16856,1.16825,1.16854,183,183,1
20250818,11:55:00,1.16853,1.16854,1.16714,1.16747,593,593,1
20250818,12:00:00,1.1675,1.16788,1.16735,1.16786,250,250,1
20250818,12:05:00,1.16786,1.16787,1.16727,1.16729,194,194,1
20250818,12:10:00,1.1673,1.16757,1.16715,1.16739,180,180,1
20250818,12:15:00,1.16742,1.16748,1.16711,1.16723,93,93,1
20250818,12:20:00,1.16724,1.16757,1.16724,1.16728,181,181,1
20250818,12:25:00,1.16731,1.16749,1.16713,1.16735,170,170,1
20250818,12:30:00,1.16736,1.16756,1.16724,1.16725,217,217,1
20250818,12:35:00,1.16724,1.16731,1.16662,1.16703,295,295,1
20250818,12:40:00,1.167,1.16722,1.16693,1.16702,201,201,1
20250818,12:45:00,1.16703,1.16717,1.16692,1.16708,177,177,1
20250818,12:50:00,1.16709,1.1673,1.1669,1.16725,174,174,1
20250818,12:55:00,1.16725,1.16763,1.16705,1.16763,249,249,1
20250818,13:00:00,1.16763,1.16775,1.16712,1.16736,236,236,1
20250818,13:05:00,1.16736,1.16739,1.16695,1.16713,189,189,1
20250818,13:10:00,1.16712,1.16749,1.16712,1.16723,234,234,1
20250818,13:15:00,1.1672,1.16748,1.1672,1.16731,136,136,1
20250818,13:20:00,1.1673,1.16759,1.16718,1.16753,192,192,1
20250818,13:25:00,1.16753,1.16764,1.16742,1.16755,143,143,1
20250818,13:30:00,1.16755,1.16762,1.16709,1.16731,240,240,1
20250818,13:35:00,1.16732,1.16773,1.16728,1.16745,311,311,1
20250818,13:40:00,1.16743,1.16773,1.16739,1.16756,356,356,1
20250818,13:45:00,1.16757,1.16758,1.16713,1.16723,317,317,1
20250818,13:50:00,1.16725,1.16774,1.16725,1.1675,238,238,1
20250818,13:55:00,1.16754,1.16777,1.16743,1.16777,242,242,1
20250818,14:00:00,1.16775,1.16782,1.16745,1.16777,256,256,1
20250818,14:05:00,1.1678,1.16843,1.16776,1.16821,356,356,1
20250818,14:10:00,1.16822,1.16823,1.16763,1.16777,286,286,1
20250818,14:15:00,1.16775,1.16805,1.16757,1.16798,332,332,1
20250818,14:20:00,1.16798,1.16799,1.16745,1.16782,260,260,1
20250818,14:25:00,1.16779,1.16811,1.16769,1.16778,304,304,1
20250818,14:30:00,1.16776,1.16776,1.16695,1.16719,352,352,1
20250818,14:35:00,1.16718,1.16744,1.16702,1.1674,248,248,1
20250818,14:40:00,1.16734,1.16734,1.16693,1.16713,182,182,1
20250818,14:45:00,1.16713,1.16713,1.16604,1.16647,432,432,1
20250818,14:50:00,1.16648,1.16654,1.16613,1.16627,288,288,1
20250818,14:55:00,1.16625,1.16648,1.16607,1.16641,328,328,1
20250818,15:00:00,1.16639,1.16659,1.16638,1.16647,236,236,1
20250818,15:05:00,1.16647,1.16671,1.16623,1.16633,243,243,1
20250818,15:10:00,1.16635,1.16651,1.16608,1.16644,213,213,1
20250818,15:15:00,1.16646,1.16672,1.16635,1.1666,165,165,1
20250818,15:20:00,1.16662,1.16708,1.16662,1.16687,218,218,1
20250818,15:25:00,1.16689,1.16696,1.16663,1.16692,217,217,1
20250818,15:30:00,1.16693,1.16713,1.16673,1.16699,157,157,1
20250818,15:35:00,1.16698,1.16736,1.1669,1.16734,215,215,1
20250818,15:40:00,1.16733,1.16744,1.16696,1.16703,157,157,1
20250818,15:45:00,1.16704,1.16729,1.16676,1.16687,266,266,1
20250818,15:50:00,1.16688,1.16701,1.16674,1.16678,185,185,1
20250818,15:55:00,1.16677,1.16693,1.16669,1.16673,217,217,1
20250818,16:00:00,1.16673,1.16673,1.16625,1.16649,269,269,1
20250818,16:05:00,1.16648,1.16649,1.16617,1.16624,315,315,1
20250818,16:10:00,1.16624,1.16661,1.16617,1.1666,173,173,1
20250818,16:15:00,1.1666,1.16669,1.16634,1.16643,172,172,1
20250818,16:20:00,1.16643,1.16659,1.16629,1.16647,94,94,1
20250818,16:25:00,1.16649,1.16662,1.16628,1.16655,188,188,1
20250818,16:30:00,1.16656,1.16663,1.16633,1.16642,121,121,1
20250818,16:35:00,1.1664,1.16671,1.1664,1.1667,106,106,1
20250818,16:40:00,1.16671,1.16672,1.16618,1.1662,152,152,1
20250818,16:45:00,1.16617,1.16619,1.16599,1.16606,144,144,1
20250818,16:50:00,1.16605,1.16605,1.16576,1.16588,182,182,1
20250818,16:55:00,1.16587,1.16596,1.16561,1.16577,158,158,1
20250818,17:00:00,1.16578,1.16618,1.16577,1.16607,215,215,1
20250818,17:05:00,1.16607,1.16622,1.16584,1.16592,125,125,1
20250818,17:10:00,1.16593,1.16614,1.16589,1.16602,90,90,1
20250818,17:15:00,1.166,1.16602,1.16569,1.1657,110,110,1
20250818,17:20:00,1.1657,1.16609,1.16566,1.16607,162,162,1
20250818,17:25:00,1.16609,1.16625,1.16604,1.1662,144,144,1
20250818,17:30:00,1.16621,1.16664,1.16618,1.16633,245,245,1
20250818,17:35:00,1.16636,1.16662,1.16635,1.16652,154,154,1
20250818,17:40:00,1.16653,1.16659,1.16622,1.16629,102,102,1
20250818,17:45:00,1.16627,1.16634,1.16615,1.16634,108,108,1
20250818,17:50:00,1.16632,1.16642,1.16623,1.16631,75,75,1
20250818,17:55:00,1.16633,1.1664,1.16621,1.16626,110,110,1
20250818,18:00:00,1.16625,1.16653,1.16615,1.16649,127,127,1
20250818,18:05:00,1.16649,1.1667,1.16646,1.16662,77,77,1
20250818,18:10:00,1.16661,1.16664,1.16655,1.16663,63,63,1
20250818,18:15:00,1.16662,1.16671,1.16649,1.16654,49,49,2
20250818,18:20:00,1.16656,1.16662,1.16643,1.16662,84,84,1
20250818,18:25:00,1.16664,1.16678,1.16664,1.16666,188,188,1
20250818,18:30:00,1.16665,1.16667,1.16638,1.1664,89,89,1
20250818,18:35:00,1.16638,1.1664,1.16596,1.1661,151,151,1
20250818,18:40:00,1.16612,1.16626,1.16599,1.16599,118,118,1
20250818,18:45:00,1.16598,1.1662,1.16586,1.16592,79,79,1
20250818,18:50:00,1.1659,1.16596,1.16585,1.1659,82,82,1
20250818,18:55:00,1.16589,1.16602,1.16585,1.16599,99,99,1
20250818,19:00:00,1.16598,1.1663,1.16598,1.16627,123,123,1
20250818,19:05:00,1.16627,1.16638,1.16621,1.1663,93,93,1
20250818,19:10:00,1.1663,1.16653,1.16628,1.16653,73,73,1
20250818,19:15:00,1.16652,1.16673,1.16652,1.16661,81,81,1
20250818,19:20:00,1.1666,1.16674,1.16652,1.16671,78,78,1
20250818,19:25:00,1.1667,1.16693,1.16667,1.16691,117,117,1
20250818,19:30:00,1.1669,1.16703,1.16688,1.16688,119,119,1
20250818,19:35:00,1.16687,1.16701,1.16682,1.16693,146,146,1
20250818,19:40:00,1.16692,1.16701,1.16685,1.16686,95,95,1
20250818,19:45:00,1.16686,1.16687,1.16667,1.16667,86,86,2
20250818,19:50:00,1.16669,1.16679,1.16662,1.16673,71,71,1
20250818,19:55:00,1.16671,1.16676,1.16663,1.16672,142,142,1
20250818,20:00:00,1.16669,1.16693,1.16669,1.16681,225,225,1
20250818,20:05:00,1.16681,1.16681,1.16663,1.16672,136,136,1
20250818,20:10:00,1.16672,1.16686,1.16671,1.16671,118,118,2
20250818,20:15:00,1.16671,1.16671,1.16657,1.16667,47,47,1
20250818,20:20:00,1.16667,1.16667,1.16647,1.16655,70,70,2
20250818,20:25:00,1.16655,1.16667,1.16654,1.16664,71,71,2
20250818,20:30:00,1.16663,1.16678,1.16662,1.16676,45,45,4
20250818,20:35:00,1.16676,1.16677,1.16653,1.16653,96,96,2
20250818,20:40:00,1.16654,1.16658,1.16646,1.16647,46,46,1
20250818,20:45:00,1.16646,1.16646,1.16625,1.16627,106,106,1
20250818,20:50:00,1.16627,1.16635,1.16615,1.16616,88,88,1
20250818,20:55:00,1.16617,1.16622,1.16596,1.16602,386,386,1
20250818,21:00:00,1.16598,1.16611,1.16575,1.16595,23,23,1
20250818,21:05:00,1.16604,1.1661,1.16591,1.16594,15,15,14
20250818,21:10:00,1.16609,1.16611,1.16592,1.16592,13,13,14
20250818,21:15:00,1.16592,1.1661,1.16592,1.1661,9,9,24
20250818,21:20:00,1.16616,1.16617,1.16602,1.16617,25,25,10
20250818,21:25:00,1.16615,1.16616,1.166,1.16615,20,20,10
20250818,21:30:00,1.16614,1.16616,1.16603,1.16603,65,65,14
20250818,21:35:00,1.16603,1.16603,1.16598,1.16601,28,28,30
20250818,21:40:00,1.166,1.16604,1.16597,1.166,70,70,14
20250818,21:45:00,1.166,1.16601,1.16598,1.166,36,36,22
20250818,21:50:00,1.16599,1.16607,1.16596,1.16599,59,59,8
20250818,21:55:00,1.16605,1.16613,1.16594,1.16613,63,63,10
20250818,22:00:00,1.16613,1.1665,1.16599,1.16649,247,247,1
20250818,22:05:00,1.16658,1.16746,1.16649,1.16731,179,179,1
20250818,22:10:00,1.16729,1.16742,1.16721,1.16727,92,92,2
20250818,22:15:00,1.16725,1.16726,1.16688,1.16689,80,80,1
20250818,22:20:00,1.16688,1.16699,1.16661,1.16687,72,72,2
20250818,22:25:00,1.16685,1.1669,1.16674,1.16684,39,39,3
20250818,22:30:00,1.16683,1.16686,1.16661,1.1667,38,38,2
20250818,22:35:00,1.1667,1.16685,1.1667,1.16681,40,40,1
20250818,22:40:00,1.16679,1.16679,1.16672,1.16677,22,22,3
20250818,22:45:00,1.16676,1.16688,1.16673,1.16687,36,36,3
20250818,22:50:00,1.16687,1.1669,1.16676,1.16676,77,77,3
20250818,22:55:00,1.16675,1.16696,1.16675,1.16694,122,122,3
20250818,23:00:00,1.16695,1.16695,1.1666,1.16666,93,93,1
20250818,23:05:00,1.16669,1.16678,1.16661,1.16666,63,63,3
20250818,23:10:00,1.16667,1.16668,1.16639,1.16644,116,116,3
20250818,23:15:00,1.16643,1.16645,1.16624,1.16644,71,71,3
20250818,23:20:00,1.16642,1.16651,1.16635,1.16649,57,57,1
20250818,23:25:00,1.16649,1.16649,1.16636,1.16643,88,88,1
20250818,23:30:00,1.16643,1.16644,1.16624,1.16625,83,83,4
20250818,23:35:00,1.16622,1.1663,1.16618,1.16625,91,91,3
20250818,23:40:00,1.16628,1.16651,1.16628,1.16647,40,40,2
20250818,23:45:00,1.16645,1.1668,1.16645,1.16675,98,98,2
20250818,23:50:00,1.16675,1.16685,1.16671,1.16675,77,77,1
20250818,23:55:00,1.16676,1.16681,1.16669,1.16679,129,129,3
20250819,00:00:00,1.16678,1.16684,1.16644,1.16645,214,214,1
20250819,00:05:00,1.16643,1.16661,1.16636,1.16661,198,198,1
20250819,00:10:00,1.16665,1.16697,1.16665,1.16685,171,171,1
20250819,00:15:00,1.16686,1.16699,1.16659,1.16671,174,174,1
20250819,00:20:00,1.1667,1.16671,1.16646,1.16654,222,222,1
20250819,00:25:00,1.16654,1.16668,1.16645,1.16658,218,218,1
20250819,00:30:00,1.16658,1.16662,1.16645,1.16656,184,184,1
20250819,00:35:00,1.16654,1.16656,1.16625,1.16626,199,199,1
20250819,00:40:00,1.16627,1.16633,1.16605,1.16613,172,172,1
20250819,00:45:00,1.16613,1.16625,1.16606,1.16606,114,114,1
20250819,00:50:00,1.16607,1.16607,1.16558,1.16558,222,222,1
20250819,00:55:00,1.16556,1.16587,1.16556,1.16583,251,251,1
20250819,01:00:00,1.16585,1.16619,1.16581,1.16615,114,114,1
20250819,01:05:00,1.16616,1.16622,1.16593,1.16604,122,122,1
20250819,01:10:00,1.16605,1.16611,1.16573,1.16575,110,110,1
20250819,01:15:00,1.16574,1.16583,1.1656,1.1656,88,88,1
20250819,01:20:00,1.16559,1.16569,1.16507,1.16521,202,202,1
20250819,01:25:00,1.16522,1.1653,1.16428,1.1643,342,342,1
20250819,01:30:00,1.16432,1.16453,1.1639,1.16423,573,573,1
20250819,01:35:00,1.16423,1.16469,1.16423,1.16464,452,452,1
20250819,01:40:00,1.16465,1.16491,1.16456,1.16489,405,405,1
20250819,01:45:00,1.16489,1.16527,1.16489,1.16519,389,389,1
20250819,01:50:00,1.16518,1.16528,1.16501,1.1651,296,296,1
20250819,01:55:00,1.16512,1.16516,1.16489,1.1649,392,392,1
20250819,02:00:00,1.16491,1.16503,1.16467,1.1648,323,323,1
20250819,02:05:00,1.16482,1.1651,1.16473,1.16508,277,277,2
20250819,02:10:00,1.16508,1.16549,1.16499,1.16549,287,287,1
20250819,02:15:00,1.16549,1.16559,1.1652,1.16525,242,242,1
20250819,02:20:00,1.16526,1.16544,1.16519,1.16542,219,219,2
20250819,02:25:00,1.16542,1.16544,1.16519,1.16523,232,232,1
20250819,02:30:00,1.16524,1.16541,1.16519,1.16534,120,120,1
20250819,02:35:00,1.16535,1.16536,1.16515,1.16518,62,62,1
20250819,02:40:00,1.16516,1.16531,1.16511,1.1653,54,54,1
20250819,02:45:00,1.16527,1.16527,1.16512,1.16519,71,71,1
20250819,02:50:00,1.16521,1.16537,1.16518,1.16526,56,56,1
20250819,02:55:00,1.16525,1.1653,1.16509,1.16528,94,94,1
20250819,03:00:00,1.1653,1.1654,1.16504,1.16518,143,143,1
20250819,03:05:00,1.16518,1.1654,1.16515,1.16539,94,94,1
20250819,03:10:00,1.16542,1.16546,1.16525,1.16546,68,68,2
20250819,03:15:00,1.16544,1.16553,1.16532,1.16535,72,72,1
20250819,03:20:00,1.16535,1.16555,1.16532,1.16552,131,131,1
20250819,03:25:00,1.16554,1.16571,1.16553,1.16564,70,70,1
20250819,03:30:00,1.16565,1.16586,1.16565,1.1658,135,135,1
20250819,03:35:00,1.16581,1.16583,1.16565,1.16581,142,142,1
20250819,03:40:00,1.16581,1.16585,1.16566,1.1658,95,95,1
20250819,03:45:00,1.16579,1.16585,1.1655,1.1655,139,139,1
20250819,03:50:00,1.16551,1.16584,1.1655,1.16584,116,116,2
20250819,03:55:00,1.16582,1.16582,1.16541,1.16549,107,107,1
20250819,04:00:00,1.16549,1.16557,1.16534,1.16557,127,127,1
20250819,04:05:00,1.16557,1.16571,1.16552,1.16562,110,110,1
20250819,04:10:00,1.16561,1.16576,1.16554,1.16558,142,142,2
20250819,04:15:00,1.16557,1.16596,1.16543,1.16583,125,125,1
20250819,04:20:00,1.16581,1.16593,1.1658,1.16592,32,32,1
20250819,04:25:00,1.16592,1.16592,1.16567,1.16572,58,58,1
20250819,04:30:00,1.16571,1.16591,1.1657,1.16586,54,54,1
20250819,04:35:00,1.16589,1.16589,1.16573,1.16574,109,109,2
20250819,04:40:00,1.16574,1.16595,1.16566,1.16591,88,88,1
20250819,04:45:00,1.16591,1.16601,1.16578,1.16588,127,127,1
20250819,04:50:00,1.16586,1.16616,1.16582,1.1661,184,184,2
20250819,04:55:00,1.16611,1.16611,1.16593,1.16604,163,163,1
20250819,05:00:00,1.16605,1.16641,1.16605,1.16634,122,122,1
20250819,05:05:00,1.16635,1.1665,1.16633,1.16638,75,75,1
20250819,05:10:00,1.16636,1.16646,1.16632,1.16632,46,46,1
20250819,05:15:00,1.16634,1.16648,1.16625,1.16628,68,68,2
20250819,05:20:00,1.16626,1.16632,1.16616,1.1663,56,56,1
20250819,05:25:00,1.16629,1.16655,1.16629,1.16653,56,56,1
20250819,05:30:00,1.16651,1.16656,1.16631,1.16632,67,67,1
20250819,05:35:00,1.1663,1.16636,1.1662,1.16636,65,65,1
20250819,05:40:00,1.16637,1.1664,1.16624,1.16635,45,45,2
20250819,05:45:00,1.16636,1.16645,1.16576,1.16579,197,197,1
20250819,05:50:00,1.16579,1.16579,1.16555,1.16576,108,108,1
20250819,05:55:00,1.16577,1.16588,1.16537,1.16551,307,307,1
20250819,06:00:00,1.1655,1.1657,1.16511,1.1656,400,400,1
20250819,06:05:00,1.16561,1.16575,1.16536,1.16548,296,296,1
20250819,06:10:00,1.16549,1.16571,1.16548,1.16564,124,124,1
20250819,06:15:00,1.16566,1.16577,1.16541,1.16564,179,179,1
20250819,06:20:00,1.16563,1.16585,1.16544,1.16585,220,220,1
20250819,06:25:00,1.16585,1.16608,1.16575,1.16591,188,188,1
20250819,06:30:00,1.16592,1.16642,1.16588,1.16634,163,163,1
20250819,06:35:00,1.16635,1.16644,1.16616,1.16616,147,147,2
20250819,06:40:00,1.16618,1.16645,1.16617,1.16635,116,116,1
20250819,06:45:00,1.16633,1.16721,1.1663,1.16715,316,316,1
20250819,06:50:00,1.16716,1.1674,1.16685,1.16715,311,311,1
20250819,06:55:00,1.16715,1.16745,1.16709,1.16742,192,192,1
20250819,07:00:00,1.16743,1.16791,1.16735,1.16753,296,296,1
20250819,07:05:00,1.16754,1.16812,1.16748,1.1678,286,286,1
20250819,07:10:00,1.16781,1.16799,1.16741,1.16748,292,292,1
20250819,07:15:00,1.16746,1.16782,1.16737,1.16771,313,313,1
20250819,07:20:00,1.16774,1.16777,1.16743,1.16745,259,259,1
20250819,07:25:00,1.16746,1.16775,1.16746,1.16767,248,248,1
20250819,07:30:00,1.16765,1.16779,1.16755,1.16779,262,262,1
20250819,07:35:00,1.1678,1.16811,1.16765,1.16805,182,182,1
20250819,07:40:00,1.16804,1.16815,1.16779,1.168,173,173,1
20250819,07:45:00,1.16799,1.168,1.16769,1.16791,237,237,1
20250819,07:50:00,1.16791,1.16832,1.16773,1.16806,414,414,1
20250819,07:55:00,1.16806,1.1684,1.16806,1.16834,490,490,1
20250819,08:00:00,1.16835,1.16842,1.16788,1.16802,376,376,1
20250819,08:05:00,1.16801,1.16801,1.16761,1.16763,181,181,1
20250819,08:10:00,1.16763,1.16771,1.16749,1.16755,206,206,1
20250819,08:15:00,1.16753,1.16776,1.16747,1.16771,157,157,1
20250819,08:20:00,1.16768,1.16792,1.1676,1.16771,118,118,1
20250819,08:25:00,1.16771,1.16789,1.16768,1.16785,157,157,1
20250819,08:30:00,1.16786,1.16786,1.16736,1.16737,166,166,1
20250819,08:35:00,1.16737,1.16747,1.1672,1.16739,182,182,1
20250819,08:40:00,1.16741,1.1676,1.16729,1.16741,160,160,1
20250819,08:45:00,1.16739,1.16746,1.16715,1.16743,127,127,1
20250819,08:50:00,1.16744,1.1677,1.16735,1.16769,121,121,1
20250819,08:55:00,1.16768,1.16775,1.16743,1.16749,239,239,1
20250819,09:00:00,1.1675,1.16774,1.16738,1.16768,207,207,1
20250819,09:05:00,1.16767,1.16767,1.1673,1.16744,129,129,1
20250819,09:10:00,1.16745,1.16762,1.16741,1.16757,105,105,1
20250819,09:15:00,1.16755,1.16758,1.16724,1.16742,105,105,1
20250819,09:20:00,1.16744,1.16756,1.16729,1.16741,128,128,1
20250819,09:25:00,1.16744,1.16756,1.16732,1.16755,150,150,1
20250819,09:30:00,1.16759,1.16772,1.16743,1.16745,158,158,1
20250819,09:35:00,1.16746,1.16767,1.16746,1.16766,84,84,1
20250819,09:40:00,1.16766,1.16773,1.16745,1.16763,161,161,1
20250819,09:45:00,1.16762,1.16767,1.16745,1.16758,73,73,1
20250819,09:50:00,1.16759,1.16808,1.16759,1.16803,206,206,1
20250819,09:55:00,1.16803,1.16821,1.1678,1.16802,230,230,1
20250819,10:00:00,1.168,1.16812,1.16792,1.16796,141,141,1
20250819,10:05:00,1.16796,1.1683,1.16795,1.16805,139,139,1
20250819,10:10:00,1.16807,1.1683,1.16805,1.16828,80,80,1
20250819,10:15:00,1.16824,1.16856,1.16821,1.16856,91,91,1
20250819,10:20:00,1.16853,1.169,1.16846,1.16894,221,221,1
20250819,10:25:00,1.16893,1.16919,1.16891,1.16905,146,146,1
20250819,10:30:00,1.16907,1.16912,1.1686,1.1687,141,141,1
20250819,10:35:00,1.16873,1.16886,1.1686,1.16871,126,126,1
20250819,10:40:00,1.16871,1.16871,1.16839,1.16857,137,137,1
20250819,10:45:00,1.16857,1.16874,1.16844,1.16871,103,103,1
20250819,10:50:00,1.16873,1.16887,1.16865,1.16865,190,190,1
20250819,10:55:00,1.16865,1.16888,1.16858,1.16887,123,123,1
20250819,11:00:00,1.16886,1.16925,1.16876,1.16918,185,185,1
20250819,11:05:00,1.16916,1.16928,1.16892,1.16896,123,123,1
20250819,11:10:00,1.16894,1.16897,1.16856,1.16881,133,133,1
20250819,11:15:00,1.16881,1.16892,1.1685,1.16883,141,141,1
20250819,11:20:00,1.16881,1.16891,1.16855,1.16861,141,141,1
20250819,11:25:00,1.16859,1.16861,1.16824,1.16825,154,154,1
20250819,11:30:00,1.16823,1.16824,1.16798,1.16803,202,202,1
20250819,11:35:00,1.16803,1.16834,1.16803,1.16825,205,205,1
20250819,11:40:00,1.16824,1.16829,1.1681,1.16824,205,205,1
20250819,11:45:00,1.16826,1.16851,1.16812,1.16851,124,124,1
20250819,11:50:00,1.16854,1.16855,1.16837,1.16845,120,120,1
20250819,11:55:00,1.16845,1.16863,1.16824,1.16855,183,183,1
20250819,12:00:00,1.16856,1.1686,1.16818,1.16828,218,218,1
20250819,12:05:00,1.16827,1.16839,1.16789,1.16822,285,285,1
20250819,12:10:00,1.16825,1.16855,1.16822,1.16855,174,174,1
20250819,12:15:00,1.16859,1.16879,1.16835,1.16864,240,240,1
20250819,12:20:00,1.16866,1.16867,1.16811,1.16813,193,193,1
20250819,12:25:00,1.16811,1.1684,1.16804,1.16809,174,174,1
20250819,12:30:00,1.16807,1.16818,1.16729,1.16751,395,395,1
20250819,12:35:00,1.16754,1.16791,1.16734,1.16781,415,415,1
20250819,12:40:00,1.16783,1.16807,1.1677,1.16794,265,265,1
20250819,12:45:00,1.16795,1.16803,1.16758,1.16774,259,259,1
20250819,12:50:00,1.16774,1.1679,1.16739,1.16761,228,228,1
20250819,12:55:00,1.1676,1.16774,1.16751,1.16754,232,232,1
20250819,13:00:00,1.16752,1.16781,1.16749,1.16769,265,265,1
20250819,13:05:00,1.16767,1.1677,1.16749,1.16757,162,162,1
20250819,13:10:00,1.16757,1.16766,1.16692,1.16717,375,375,1
20250819,13:15:00,1.16721,1.16769,1.1668,1.16694,285,285,1
20250819,13:20:00,1.16696,1.16724,1.16685,1.16723,240,240,1
20250819,13:25:00,1.16725,1.16746,1.16712,1.1674,189,189,1
20250819,13:30:00,1.16739,1.16754,1.16718,1.16753,226,226,1
20250819,13:35:00,1.16752,1.16776,1.16746,1.16762,316,316,1
20250819,13:40:00,1.16761,1.16767,1.16706,1.16724,212,212,1
20250819,13:45:00,1.16725,1.16777,1.16725,1.16771,306,306,1
20250819,13:50:00,1.16769,1.16772,1.16717,1.16729,359,359,1
20250819,13:55:00,1.16731,1.16764,1.16728,1.16762,429,429,1
20250819,14:00:00,1.1676,1.16775,1.16732,1.16734,326,326,1
20250819,14:05:00,1.16733,1.16752,1.16701,1.16725,325,325,1
20250819,14:10:00,1.16724,1.16732,1.16692,1.16692,249,249,1
20250819,14:15:00,1.16692,1.16703,1.16664,1.16665,332,332,1
20250819,14:20:00,1.16665,1.16722,1.16654,1.16713,240,240,1
20250819,14:25:00,1.16714,1.16723,1.16687,1.16689,310,310,1
20250819,14:30:00,1.16689,1.16699,1.16648,1.16675,359,359,1
20250819,14:35:00,1.16676,1.16683,1.16652,1.16658,277,277,1
20250819,14:40:00,1.16657,1.16674,1.16648,1.16653,273,273,1
20250819,14:45:00,1.16654,1.16687,1.16637,1.16687,268,268,1
20250819,14:50:00,1.16686,1.16723,1.16671,1.167,363,363,1
20250819,14:55:00,1.16699,1.16734,1.16687,1.16719,540,540,1
20250819,15:00:00,1.16719,1.16729,1.16658,1.16675,502,502,1
20250819,15:05:00,1.16674,1.16725,1.16662,1.16713,429,429,1
20250819,15:10:00,1.16714,1.16753,1.16698,1.16741,358,358,1
20250819,15:15:00,1.16739,1.16751,1.16705,1.16725,276,276,1
20250819,15:20:00,1.16725,1.1673,1.16706,1.16709,241,241,1
20250819,15:25:00,1.16708,1.1671,1.16669,1.16701,188,188,1
20250819,15:30:00,1.16701,1.16701,1.16659,1.16673,159,159,1
20250819,15:35:00,1.16672,1.16673,1.16609,1.16615,182,182,1
20250819,15:40:00,1.16615,1.16627,1.166,1.16624,202,202,1
20250819,15:45:00,1.16623,1.16632,1.16599,1.16611,126,126,1
20250819,15:50:00,1.16609,1.16633,1.16597,1.16632,187,187,1
20250819,15:55:00,1.16632,1.16644,1.16575,1.16586,281,281,1
20250819,16:00:00,1.16586,1.16627,1.16586,1.16613,252,252,1
20250819,16:05:00,1.16613,1.16624,1.16571,1.16605,208,208,1
20250819,16:10:00,1.16605,1.16609,1.16585,1.16594,130,130,1
20250819,16:15:00,1.16594,1.16629,1.16594,1.16628,177,177,1
20250819,16:20:00,1.16629,1.1663,1.16585,1.16586,99,99,1
20250819,16:25:00,1.16589,1.16589,1.16547,1.1655,172,172,1
20250819,16:30:00,1.1655,1.16565,1.16544,1.16558,155,155,1
20250819,16:35:00,1.16559,1.16605,1.16552,1.16555,198,198,1
20250819,16:40:00,1.16557,1.16601,1.16549,1.16592,154,154,1
20250819,16:45:00,1.16592,1.16611,1.16584,1.16596,161,161,1
20250819,16:50:00,1.16596,1.16602,1.16568,1.16569,225,225,1
20250819,16:55:00,1.1657,1.16572,1.16548,1.16563,183,183,1
20250819,17:00:00,1.16565,1.16586,1.16545,1.1658,211,211,1
20250819,17:05:00,1.1658,1.1658,1.1656,1.16566,107,107,1
20250819,17:10:00,1.16568,1.16607,1.16564,1.16579,122,122,1
20250819,17:15:00,1.16582,1.16582,1.16563,1.16563,118,118,1
20250819,17:20:00,1.16564,1.16577,1.1656,1.16565,86,86,1
20250819,17:25:00,1.16565,1.1658,1.16559,1.16564,164,164,1
20250819,17:30:00,1.16564,1.16575,1.16556,1.16565,85,85,2
20250819,17:35:00,1.16568,1.16578,1.16565,1.16566,74,74,1
20250819,17:40:00,1.16561,1.16587,1.1656,1.16568,159,159,1
20250819,17:45:00,1.16567,1.16569,1.16543,1.16549,103,103,1
20250819,17:50:00,1.16551,1.16566,1.16546,1.16551,70,70,1
20250819,17:55:00,1.16548,1.1655,1.16529,1.16544,117,117,1
20250819,18:00:00,1.16545,1.16546,1.16521,1.16524,158,158,1
20250819,18:05:00,1.16523,1.16541,1.16518,1.1652,104,104,1
20250819,18:10:00,1.16516,1.16521,1.16499,1.16501,62,62,1
20250819,18:15:00,1.16501,1.16502,1.16486,1.16487,128,128,1
20250819,18:20:00,1.16487,1.16506,1.16483,1.16506,96,96,1
20250819,18:25:00,1.16507,1.16511,1.16488,1.16503,113,113,1
20250819,18:30:00,1.16502,1.16502,1.16471,1.16475,95,95,1
20250819,18:35:00,1.16475,1.16476,1.1645,1.16456,80,80,1
20250819,18:40:00,1.16456,1.16467,1.16423,1.16424,206,206,1
20250819,18:45:00,1.16424,1.1645,1.16421,1.16424,148,148,1
20250819,18:50:00,1.16426,1.16469,1.16424,1.16466,123,123,1
20250819,18:55:00,1.16466,1.16483,1.16459,1.16472,168,168,1
20250819,19:00:00,1.16473,1.16481,1.16445,1.16453,122,122,1
20250819,19:05:00,1.16453,1.16454,1.1643,1.16432,89,89,1
20250819,19:10:00,1.16434,1.16446,1.16424,1.16436,86,86,1
20250819,19:15:00,1.16435,1.16446,1.16433,1.16446,38,38,2
20250819,19:20:00,1.16444,1.16452,1.16438,1.16444,67,67,1
20250819,19:25:00,1.16449,1.16477,1.16449,1.16475,118,118,1
20250819,19:30:00,1.16473,1.16473,1.16459,1.16469,80,80,1
20250819,19:35:00,1.16472,1.16474,1.16456,1.16459,50,50,2
20250819,19:40:00,1.16457,1.16471,1.16455,1.16468,39,39,1
20250819,19:45:00,1.16467,1.16472,1.16459,1.16469,55,55,1
20250819,19:50:00,1.16469,1.16476,1.16464,1.16474,98,98,1
20250819,19:55:00,1.16474,1.16476,1.16462,1.16463,143,143,1
20250819,20:00:00,1.16463,1.16468,1.16446,1.16464,158,158,1
20250819,20:05:00,1.16467,1.16475,1.16466,1.16475,39,39,2
20250819,20:10:00,1.16472,1.16472,1.16459,1.16461,22,22,2
20250819,20:15:00,1.1646,1.16467,1.16458,1.16465,30,30,2
20250819,20:20:00,1.16466,1.16466,1.16451,1.16454,38,38,1
20250819,20:25:00,1.16454,1.16461,1.16453,1.16456,41,41,1
20250819,20:30:00,1.16457,1.16467,1.16453,1.16466,26,26,1
20250819,20:35:00,1.16465,1.1648,1.16455,1.1646,66,66,1
20250819,20:40:00,1.16458,1.16475,1.16453,1.16465,86,86,1
20250819,20:45:00,1.16466,1.16475,1.16459,1.16459,133,133,2
20250819,20:50:00,1.1646,1.16465,1.16447,1.16465,153,153,1
20250819,20:55:00,1.16466,1.16476,1.16456,1.16464,237,237,1
20250819,21:00:00,1.16459,1.16459,1.16446,1.16446,6,6,19
20250819,21:05:00,1.16475,1.16476,1.16451,1.16476,66,66,36
20250819,21:10:00,1.16477,1.16485,1.16465,1.16478,34,34,34
20250819,21:15:00,1.16479,1.16493,1.16478,1.16484,47,47,29
20250819,21:20:00,1.16483,1.16493,1.16465,1.16487,59,59,20
20250819,21:25:00,1.16486,1.16487,1.1647,1.16478,45,45,22
20250819,21:30:00,1.16472,1.1649,1.16453,1.16453,145,145,13
20250819,21:35:00,1.16453,1.16457,1.1645,1.1645,46,46,12
20250819,21:40:00,1.16446,1.16446,1.16438,1.16438,13,13,41
20250819,21:45:00,1.16438,1.16446,1.16434,1.16434,25,25,41
20250819,21:50:00,1.16436,1.16459,1.16434,1.16438,161,161,27
20250819,21:55:00,1.1644,1.16456,1.16426,1.16449,212,212,20
20250819,22:00:00,1.16445,1.16467,1.16443,1.16455,170,170,1
20250819,22:05:00,1.16458,1.16481,1.16458,1.1648,24,24,4
20250819,22:10:00,1.16478,1.16487,1.16473,1.16484,45,45,2
20250819,22:15:00,1.16483,1.16489,1.16478,1.16486,30,30,1
20250819,22:20:00,1.16484,1.16488,1.16478,1.16485,33,33,3
20250819,22:25:00,1.16486,1.16486,1.16477,1.16479,22,22,3
20250819,22:30:00,1.16479,1.16486,1.1647,1.16473,48,48,2
20250819,22:35:00,1.1647,1.16472,1.16455,1.16455,55,55,2
20250819,22:40:00,1.16456,1.16464,1.16456,1.16464,27,27,2
20250819,22:45:00,1.16465,1.16482,1.16464,1.16481,31,31,2
20250819,22:50:00,1.16482,1.16485,1.16473,1.16477,25,25,2
20250819,22:55:00,1.16476,1.16484,1.16476,1.16484,22,22,3
20250819,23:00:00,1.16485,1.16485,1.16448,1.16448,60,60,2
20250819,23:05:00,1.16447,1.1646,1.16441,1.16454,78,78,1
20250819,23:10:00,1.16453,1.16457,1.16441,1.16442,77,77,4
20250819,23:15:00,1.16444,1.16445,1.1643,1.16439,74,74,4
20250819,23:20:00,1.16439,1.1644,1.16414,1.16415,69,69,1
20250819,23:25:00,1.16415,1.16426,1.16414,1.16425,22,22,3
20250819,23:30:00,1.16424,1.16426,1.16411,1.16418,36,36,1
20250819,23:35:00,1.16418,1.16435,1.16415,1.16431,32,32,1
20250819,23:40:00,1.16431,1.16431,1.16408,1.16427,39,39,1
20250819,23:45:00,1.16434,1.16436,1.1642,1.16426,27,27,2
20250819,23:50:00,1.16427,1.1643,1.16421,1.16428,50,50,2
20250819,23:55:00,1.16429,1.16434,1.16412,1.16415,52,52,1
20250820,00:00:00,1.16413,1.16423,1.16375,1.16378,153,153,1
20250820,00:05:00,1.16373,1.16376,1.16351,1.16353,174,174,1
20250820,00:10:00,1.16351,1.16352,1.16312,1.16322,184,184,1
20250820,00:15:00,1.16324,1.16347,1.16322,1.16335,135,135,1
20250820,00:20:00,1.16338,1.16364,1.16336,1.16346,149,149,1
20250820,00:25:00,1.16349,1.16349,1.16319,1.16324,179,179,1
20250820,00:30:00,1.16324,1.16354,1.16315,1.16353,182,182,1
20250820,00:35:00,1.16351,1.16367,1.16339,1.16364,135,135,1
20250820,00:40:00,1.16365,1.1637,1.16341,1.16347,151,151,1
20250820,00:45:00,1.16346,1.16365,1.16346,1.16361,168,168,2
20250820,00:50:00,1.16364,1.16393,1.16364,1.16372,186,186,1
20250820,00:55:00,1.16369,1.16404,1.16369,1.16387,267,267,1
20250820,01:00:00,1.16385,1.16421,1.16378,1.1639,286,286,1
20250820,01:05:00,1.16392,1.16399,1.16359,1.16371,128,128,1
20250820,01:10:00,1.16371,1.16399,1.16371,1.16381,100,100,1
20250820,01:15:00,1.16384,1.16389,1.16353,1.16353,116,116,1
20250820,01:20:00,1.16351,1.16354,1.16338,1.16338,85,85,1
20250820,01:25:00,1.16342,1.16342,1.16276,1.16289,223,223,1
20250820,01:30:00,1.16289,1.16333,1.16288,1.16319,206,206,1
20250820,01:35:00,1.16319,1.16325,1.16298,1.16318,236,236,1
20250820,01:40:00,1.16317,1.16341,1.1631,1.16315,218,218,1
20250820,01:45:00,1.16315,1.16324,1.16272,1.16275,194,194,1
20250820,01:50:00,1.16277,1.16315,1.16271,1.16299,204,204,1
20250820,01:55:00,1.16296,1.1632,1.16271,1.16274,127,127,1
20250820,02:00:00,1.16272,1.16272,1.16247,1.16248,538,538,1
20250820,02:05:00,1.16247,1.16262,1.16236,1.16236,250,250,1
20250820,02:10:00,1.16237,1.16264,1.16234,1.16262,291,291,1
20250820,02:15:00,1.16264,1.16276,1.16253,1.1626,232,232,1
20250820,02:20:00,1.16259,1.16273,1.1625,1.16252,160,160,1
20250820,02:25:00,1.16252,1.16274,1.16251,1.16266,152,152,1
20250820,02:30:00,1.16264,1.16287,1.16259,1.16282,180,180,1
20250820,02:35:00,1.16281,1.16294,1.16273,1.16278,142,142,2
20250820,02:40:00,1.16277,1.1628,1.16242,1.16244,157,157,1
20250820,02:45:00,1.16246,1.1626,1.16221,1.16251,179,179,1
20250820,02:50:00,1.16251,1.16266,1.16231,1.16234,181,181,1
20250820,02:55:00,1.16233,1.16272,1.16227,1.16262,281,281,1
20250820,03:00:00,1.16262,1.16323,1.16262,1.16314,241,241,1
20250820,03:05:00,1.16311,1.16342,1.16311,1.1633,196,196,1
20250820,03:10:00,1.16334,1.16342,1.16296,1.16297,123,123,1
20250820,03:15:00,1.16296,1.16318,1.16288,1.16313,114,114,1
20250820,03:20:00,1.16313,1.16335,1.16311,1.16313,89,89,1
20250820,03:25:00,1.16316,1.16347,1.16316,1.16344,127,127,1
20250820,03:30:00,1.16343,1.16354,1.16323,1.16343,104,104,1
20250820,03:35:00,1.16346,1.1636,1.16334,1.1636,129,129,1
20250820,03:40:00,1.16359,1.16359,1.16347,1.16353,80,80,1
20250820,03:45:00,1.16354,1.16354,1.16327,1.16337,109,109,1
20250820,03:50:00,1.16337,1.1636,1.16332,1.16358,73,73,1
20250820,03:55:00,1.16359,1.16362,1.16325,1.16329,86,86,1
20250820,04:00:00,1.16329,1.16356,1.16322,1.16353,123,123,1
20250820,04:05:00,1.16355,1.16356,1.16342,1.16355,55,55,1
20250820,04:10:00,1.16356,1.16381,1.1635,1.1636,88,88,1
20250820,04:15:00,1.16359,1.16375,1.16346,1.16366,99,99,1
20250820,04:20:00,1.16368,1.1637,1.16344,1.1636,69,69,1
20250820,04:25:00,1.16363,1.16365,1.16348,1.16349,65,65,1
20250820,04:30:00,1.16351,1.16356,1.16344,1.16352,44,44,1
20250820,04:35:00,1.16351,1.16362,1.16344,1.1636,85,85,1
20250820,04:40:00,1.16359,1.1636,1.16343,1.16343,50,50,1
20250820,04:45:00,1.16342,1.16362,1.16339,1.16354,75,75,1
20250820,04:50:00,1.16353,1.1636,1.16345,1.16349,87,87,1
20250820,04:55:00,1.1635,1.16353,1.16341,1.16343,171,171,1
20250820,05:00:00,1.16344,1.16346,1.16323,1.16331,153,153,1
20250820,05:05:00,1.16328,1.16346,1.16322,1.16345,156,156,1
20250820,05:10:00,1.16344,1.16351,1.16337,1.16343,122,122,1
20250820,05:15:00,1.16344,1.16361,1.16339,1.16358,98,98,1
20250820,05:20:00,1.16358,1.16375,1.16356,1.16373,64,64,1
20250820,05:25:00,1.16374,1.16382,1.16366,1.16375,141,141,1
20250820,05:30:00,1.16376,1.16386,1.16375,1.16385,99,99,1
20250820,05:35:00,1.1639,1.16394,1.16385,1.16386,83,83,1
20250820,05:40:00,1.16384,1.16395,1.16374,1.16374,119,119,1
20250820,05:45:00,1.16376,1.1639,1.16365,1.16382,118,118,1
20250820,05:50:00,1.16381,1.16394,1.1638,1.16392,92,92,1
20250820,05:55:00,1.16392,1.16401,1.16375,1.16391,181,181,1
20250820,06:00:00,1.16391,1.16424,1.16319,1.1633,373,373,1
20250820,06:05:00,1.16328,1.16328,1.16231,1.16239,511,511,1
20250820,06:10:00,1.16239,1.16283,1.16233,1.16259,555,555,1
20250820,06:15:00,1.16259,1.16322,1.16259,1.16301,534,534,1
20250820,06:20:00,1.16302,1.16307,1.16235,1.1626,530,530,1
20250820,06:25:00,1.16259,1.1627,1.16232,1.16265,342,342,1
20250820,06:30:00,1.16265,1.16331,1.16265,1.16329,432,432,1
20250820,06:35:00,1.16328,1.16359,1.16307,1.1633,335,335,1
20250820,06:40:00,1.16329,1.16365,1.16319,1.16365,240,240,1
20250820,06:45:00,1.16366,1.16375,1.16349,1.16365,229,229,1
20250820,06:50:00,1.16365,1.16374,1.16346,1.16356,168,168,1
20250820,06:55:00,1.16352,1.16353,1.1632,1.16335,286,286,1
20250820,07:00:00,1.16336,1.16385,1.16334,1.1638,468,468,1
20250820,07:05:00,1.16382,1.16416,1.16375,1.16388,260,260,1
20250820,07:10:00,1.1639,1.16407,1.16365,1.16393,268,268,1
20250820,07:15:00,1.16392,1.16434,1.16375,1.16432,235,235,1
20250820,07:20:00,1.16432,1.16462,1.16419,1.16459,249,249,1
20250820,07:25:00,1.16457,1.16467,1.16431,1.16455,224,224,1
20250820,07:30:00,1.16453,1.16466,1.16433,1.16442,198,198,1
20250820,07:35:00,1.16439,1.16449,1.16417,1.16429,271,271,1
20250820,07:40:00,1.16424,1.16432,1.16389,1.16401,189,189,1
20250820,07:45:00,1.16399,1.16408,1.16384,1.16394,252,252,1
20250820,07:50:00,1.16391,1.16391,1.16367,1.16375,157,157,1
20250820,07:55:00,1.16373,1.16448,1.16372,1.16445,410,410,1
20250820,08:00:00,1.16447,1.16465,1.16438,1.16457,336,336,1
20250820,08:05:00,1.16457,1.16457,1.16432,1.16437,201,201,1
20250820,08:10:00,1.16437,1.16454,1.16422,1.16424,213,213,1
20250820,08:15:00,1.16424,1.16434,1.164,1.16424,234,234,1
20250820,08:20:00,1.16426,1.16439,1.16411,1.16414,168,168,1
20250820,08:25:00,1.16413,1.16413,1.16359,1.16365,215,215,1
20250820,08:30:00,1.16363,1.16388,1.16351,1.16365,228,228,1
20250820,08:35:00,1.16365,1.16411,1.16365,1.16374,253,253,1
20250820,08:40:00,1.16372,1.16382,1.16314,1.1636,361,361,1
20250820,08:45:00,1.16359,1.16381,1.16348,1.16362,267,267,1
20250820,08:50:00,1.16364,1.1641,1.1635,1.16373,296,296,1
20250820,08:55:00,1.16374,1.16383,1.16362,1.16375,330,330,1
20250820,09:00:00,1.16374,1.16392,1.16363,1.16385,291,291,1
20250820,09:05:00,1.16383,1.16393,1.16349,1.1639,236,236,1
20250820,09:10:00,1.16391,1.16397,1.16371,1.16386,165,165,1
20250820,09:15:00,1.16384,1.16388,1.1636,1.16382,162,162,1
20250820,09:20:00,1.1638,1.16392,1.16364,1.16383,117,117,1
20250820,09:25:00,1.16381,1.16417,1.16378,1.16412,97,97,1
20250820,09:30:00,1.1641,1.1643,1.1639,1.16415,139,139,1
20250820,09:35:00,1.16414,1.16449,1.16406,1.16448,133,133,1
20250820,09:40:00,1.16447,1.16449,1.16425,1.1643,78,78,1
20250820,09:45:00,1.16429,1.16444,1.1642,1.16441,130,130,1
20250820,09:50:00,1.1644,1.1646,1.16432,1.16446,101,101,1
20250820,09:55:00,1.16445,1.16461,1.16436,1.1645,168,168,1
20250820,10:00:00,1.16448,1.16471,1.16435,1.16457,144,144,1
20250820,10:05:00,1.16456,1.16471,1.16439,1.16471,114,114,1
20250820,10:10:00,1.16469,1.16525,1.16467,1.16525,204,204,1
20250820,10:15:00,1.16525,1.1655,1.16515,1.16531,308,308,1
20250820,10:20:00,1.1653,1.16539,1.16507,1.16509,267,267,1
20250820,10:25:00,1.16509,1.1654,1.16504,1.1654,217,217,1
20250820,10:30:00,1.16543,1.16575,1.16527,1.16529,185,185,1
20250820,10:35:00,1.1653,1.16532,1.16509,1.16513,279,279,1
20250820,10:40:00,1.16513,1.16522,1.16452,1.16474,410,410,1
20250820,10:45:00,1.16474,1.1649,1.16461,1.16461,142,142,1
20250820,10:50:00,1.16462,1.16462,1.16438,1.16438,128,128,1
20250820,10:55:00,1.16439,1.16473,1.16438,1.16467,165,165,1
20250820,11:00:00,1.16469,1.165,1.16461,1.16468,215,215,1
20250820,11:05:00,1.16469,1.16477,1.16428,1.16451,133,133,1
20250820,11:10:00,1.16452,1.16468,1.16448,1.16462,127,127,1
20250820,11:15:00,1.16461,1.16467,1.16452,1.16457,78,78,1
20250820,11:20:00,1.16458,1.16477,1.16455,1.16465,69,69,1
20250820,11:25:00,1.16466,1.16468,1.16438,1.16444,86,86,1
20250820,11:30:00,1.16444,1.16468,1.16437,1.16456,110,110,1
20250820,11:35:00,1.16455,1.16472,1.16451,1.16461,95,95,1
20250820,11:40:00,1.16463,1.16469,1.1642,1.16423,130,130,1
20250820,11:45:00,1.16424,1.16434,1.16415,1.16424,120,120,1
20250820,11:50:00,1.16425,1.1646,1.16417,1.16417,160,160,1
20250820,11:55:00,1.16415,1.16425,1.164,1.16417,256,256,1
20250820,12:00:00,1.16419,1.16492,1.16419,1.16491,360,360,1
20250820,12:05:00,1.16491,1.16509,1.16468,1.16509,207,207,1
20250820,12:10:00,1.16508,1.16512,1.16485,1.1651,186,186,1
20250820,12:15:00,1.16509,1.1654,1.16504,1.1654,236,236,1
20250820,12:20:00,1.1654,1.1654,1.16508,1.16517,207,207,1
20250820,12:25:00,1.16518,1.16535,1.16512,1.16525,182,182,1
20250820,12:30:00,1.16528,1.1669,1.16522,1.16653,751,751,1
20250820,12:35:00,1.16654,1.16688,1.16621,1.16647,476,476,1
20250820,12:40:00,1.16653,1.16679,1.16638,1.16648,274,274,1
20250820,12:45:00,1.16647,1.16677,1.16624,1.16677,269,269,1
20250820,12:50:00,1.16677,1.16724,1.16659,1.16716,343,343,1
20250820,12:55:00,1.16712,1.16736,1.16701,1.1671,352,352,1
20250820,13:00:00,1.16708,1.16718,1.16681,1.16701,261,261,1
20250820,13:05:00,1.167,1.167,1.16646,1.16655,256,256,1
20250820,13:10:00,1.16657,1.16661,1.16628,1.16648,185,185,1
20250820,13:15:00,1.1665,1.16661,1.16628,1.16641,182,182,1
20250820,13:20:00,1.1664,1.16674,1.16626,1.16645,193,193,1
20250820,13:25:00,1.16643,1.16643,1.16609,1.16629,165,165,1
20250820,13:30:00,1.16628,1.16669,1.1662,1.16643,334,334,1
20250820,13:35:00,1.16642,1.16675,1.16628,1.16646,221,221,1
20250820,13:40:00,1.16646,1.16705,1.16629,1.16704,273,273,1
20250820,13:45:00,1.16702,1.16702,1.16622,1.16628,343,343,1
20250820,13:50:00,1.16628,1.16633,1.16559,1.16602,520,520,1
20250820,13:55:00,1.16604,1.16625,1.16576,1.16587,573,573,1
20250820,14:00:00,1.16587,1.16626,1.16548,1.16625,400,400,1
20250820,14:05:00,1.16624,1.16652,1.16569,1.16588,373,373,1
20250820,14:10:00,1.1659,1.16604,1.16558,1.16559,292,292,1
20250820,14:15:00,1.16561,1.16575,1.16537,1.16558,272,272,1
20250820,14:20:00,1.16556,1.16565,1.1649,1.16503,337,337,1
20250820,14:25:00,1.16503,1.16548,1.16484,1.16539,448,448,1
20250820,14:30:00,1.1654,1.16549,1.16519,1.16528,269,269,1
20250820,14:35:00,1.16526,1.16564,1.16514,1.16562,296,296,1
20250820,14:40:00,1.16561,1.1658,1.16544,1.1657,228,228,1
20250820,14:45:00,1.16571,1.16689,1.16561,1.16644,784,784,1
20250820,14:50:00,1.16647,1.16689,1.16617,1.16649,602,602,1
20250820,14:55:00,1.16645,1.16676,1.16626,1.1663,467,467,1
20250820,15:00:00,1.16631,1.16631,1.16575,1.16594,369,369,1
20250820,15:05:00,1.16597,1.16606,1.16565,1.16603,267,267,1
20250820,15:10:00,1.16603,1.16614,1.16569,1.16571,233,233,1
20250820,15:15:00,1.16574,1.1662,1.16574,1.16614,277,277,1
20250820,15:20:00,1.16617,1.16618,1.16586,1.16598,234,234,1
20250820,15:25:00,1.16599,1.16619,1.16583,1.16618,208,208,1
20250820,15:30:00,1.16619,1.16625,1.16591,1.16597,252,252,1
20250820,15:35:00,1.16599,1.16618,1.16582,1.16584,204,204,1
20250820,15:40:00,1.16585,1.16595,1.16542,1.16546,192,192,1
20250820,15:45:00,1.16547,1.16555,1.16523,1.16524,180,180,1
20250820,15:50:00,1.16521,1.16526,1.16464,1.16471,331,331,1
20250820,15:55:00,1.16473,1.16502,1.16462,1.16479,230,230,1
20250820,16:00:00,1.16479,1.16537,1.16477,1.16535,200,200,1
20250820,16:05:00,1.16535,1.16546,1.16524,1.16524,159,159,1
20250820,16:10:00,1.16527,1.16549,1.16525,1.16538,151,151,1
20250820,16:15:00,1.1654,1.16601,1.1654,1.16599,237,237,1
20250820,16:20:00,1.16601,1.16604,1.16587,1.16596,170,170,1
20250820,16:25:00,1.16596,1.16605,1.16583,1.16592,108,108,1
20250820,16:30:00,1.16595,1.16617,1.16592,1.16605,136,136,1
20250820,16:35:00,1.16606,1.16612,1.16582,1.16584,131,131,1
20250820,16:40:00,1.16587,1.16606,1.16582,1.16587,101,101,1
20250820,16:45:00,1.16587,1.16597,1.16581,1.16581,79,79,1
20250820,16:50:00,1.1658,1.16591,1.16558,1.16583,119,119,1
20250820,16:55:00,1.16584,1.16604,1.16584,1.16598,162,162,1
20250820,17:00:00,1.16597,1.1664,1.16591,1.16638,235,235,1
20250820,17:05:00,1.16638,1.16655,1.16596,1.16608,149,149,1
20250820,17:10:00,1.16606,1.16633,1.16602,1.16628,102,102,1
20250820,17:15:00,1.16629,1.16644,1.16622,1.16642,113,113,1
20250820,17:20:00,1.16643,1.16664,1.16642,1.16656,116,116,1
20250820,17:25:00,1.16658,1.16671,1.16645,1.16665,104,104,1
20250820,17:30:00,1.16668,1.16671,1.16643,1.16655,127,127,1
20250820,17:35:00,1.16655,1.16657,1.16604,1.16609,119,119,1
20250820,17:40:00,1.16609,1.16628,1.16602,1.16611,135,135,1
20250820,17:45:00,1.16607,1.16648,1.16607,1.16645,176,176,1
20250820,17:50:00,1.16646,1.16702,1.16646,1.16698,294,294,1
20250820,17:55:00,1.16699,1.16723,1.16686,1.16713,267,267,1
20250820,18:00:00,1.16714,1.16714,1.16599,1.16609,519,519,1
20250820,18:05:00,1.16609,1.16632,1.16589,1.16632,249,249,1
20250820,18:10:00,1.16634,1.16659,1.16623,1.16625,251,251,1
20250820,18:15:00,1.16626,1.16631,1.1658,1.1659,141,141,1
20250820,18:20:00,1.16589,1.16589,1.16562,1.16564,156,156,1
20250820,18:25:00,1.16563,1.16593,1.1655,1.16578,128,128,1
20250820,18:30:00,1.16578,1.16597,1.16571,1.16588,134,134,1
20250820,18:35:00,1.16588,1.1661,1.16588,1.16602,125,125,1
20250820,18:40:00,1.16603,1.16609,1.1658,1.16593,155,155,1
20250820,18:45:00,1.16593,1.16609,1.16579,1.16587,142,142,1
20250820,18:50:00,1.16587,1.16595,1.1658,1.16584,110,110,1
20250820,18:55:00,1.16585,1.16585,1.16546,1.16547,189,189,1
20250820,19:00:00,1.16547,1.16554,1.16524,1.16533,238,238,1
20250820,19:05:00,1.16533,1.16551,1.16531,1.16547,191,191,1
20250820,19:10:00,1.16547,1.16583,1.16543,1.16579,177,177,1
20250820,19:15:00,1.16579,1.16582,1.1655,1.1655,89,89,1
20250820,19:20:00,1.16552,1.16565,1.16545,1.16563,91,91,1
20250820,19:25:00,1.16564,1.16565,1.16555,1.16564,86,86,1
20250820,19:30:00,1.16565,1.16578,1.16558,1.16564,110,110,2
20250820,19:35:00,1.16563,1.16569,1.16558,1.16565,129,129,2
20250820,19:40:00,1.16566,1.16575,1.16558,1.16562,128,128,2
20250820,19:45:00,1.16564,1.16572,1.16557,1.16559,54,54,1
20250820,19:50:00,1.16557,1.16557,1.1654,1.16548,51,51,1
20250820,19:55:00,1.1655,1.16553,1.16523,1.16527,86,86,1
20250820,20:00:00,1.16528,1.16528,1.1651,1.16511,167,167,1
20250820,20:05:00,1.1651,1.16515,1.16472,1.16473,101,101,1
20250820,20:10:00,1.16476,1.16493,1.16472,1.1649,63,63,2
20250820,20:15:00,1.16488,1.165,1.1648,1.16483,115,115,1
20250820,20:20:00,1.16483,1.16483,1.16472,1.1648,50,50,1
20250820,20:25:00,1.16478,1.16485,1.16469,1.16472,44,44,1
20250820,20:30:00,1.16474,1.16488,1.16474,1.16483,62,62,2
20250820,20:35:00,1.16482,1.16506,1.16482,1.165,40,40,1
20250820,20:40:00,1.16501,1.16505,1.16499,1.16502,24,24,2
20250820,20:45:00,1.16503,1.16509,1.16498,1.16504,77,77,2
20250820,20:50:00,1.16503,1.16515,1.16497,1.16514,105,105,2
20250820,20:55:00,1.16514,1.16518,1.16487,1.16506,218,218,1
20250820,21:00:00,1.16505,1.16505,1.1648,1.16499,20,20,37
20250820,21:05:00,1.16516,1.16522,1.16487,1.16508,159,159,1
20250820,21:10:00,1.16509,1.16519,1.16503,1.16518,197,197,1
20250820,21:15:00,1.16518,1.16519,1.16502,1.16517,36,36,35
20250820,21:20:00,1.16519,1.16519,1.16487,1.1649,20,20,1
20250820,21:25:00,1.16487,1.16524,1.16487,1.16523,19,19,36
20250820,21:30:00,1.16517,1.16524,1.16506,1.16519,119,119,23
20250820,21:35:00,1.16519,1.16529,1.16505,1.16519,107,107,15
20250820,21:40:00,1.16518,1.16522,1.16515,1.16517,56,56,14
20250820,21:45:00,1.16517,1.1652,1.16507,1.16519,93,93,8
20250820,21:50:00,1.16518,1.16527,1.16482,1.16496,121,121,3
20250820,21:55:00,1.16491,1.16498,1.16483,1.16497,78,78,43
20250820,22:00:00,1.16498,1.16551,1.16494,1.16543,195,195,1
20250820,22:05:00,1.16542,1.16548,1.1654,1.16544,25,25,4
20250820,22:10:00,1.16547,1.16547,1.16523,1.16528,41,41,1
20250820,22:15:00,1.16527,1.16535,1.16523,1.16532,28,28,3
20250820,22:20:00,1.16531,1.16531,1.16523,1.16525,20,20,3
20250820,22:25:00,1.16527,1.16544,1.16525,1.16538,25,25,2
20250820,22:30:00,1.16537,1.16541,1.16531,1.16535,20,20,1
20250820,22:35:00,1.16534,1.16535,1.16532,1.16533,7,7,3
20250820,22:40:00,1.16532,1.16534,1.16528,1.1653,15,15,3
20250820,22:45:00,1.1653,1.1653,1.16525,1.16527,18,18,2
20250820,22:50:00,1.16524,1.16526,1.16522,1.16526,11,11,3
20250820,22:55:00,1.16527,1.16528,1.16524,1.16525,13,13,4
20250820,23:00:00,1.16522,1.16522,1.16512,1.16514,45,45,2
20250820,23:05:00,1.16513,1.16513,1.16496,1.16497,34,34,1
20250820,23:10:00,1.165,1.16506,1.16499,1.16503,22,22,3
20250820,23:15:00,1.16505,1.1652,1.16499,1.16502,36,36,1
20250820,23:20:00,1.16501,1.16511,1.16496,1.16509,25,25,1
20250820,23:25:00,1.16508,1.16534,1.16508,1.16528,47,47,1
20250820,23:30:00,1.16525,1.16525,1.16507,1.1652,84,84,2
20250820,23:35:00,1.16519,1.16519,1.16508,1.16512,44,44,2
20250820,23:40:00,1.16513,1.16518,1.16492,1.16492,46,46,2
20250820,23:45:00,1.16488,1.16492,1.16481,1.16491,53,53,1
20250820,23:50:00,1.16494,1.16501,1.16488,1.16499,78,78,2
20250820,23:55:00,1.165,1.16513,1.16496,1.16507,109,109,3
20250821,00:00:00,1.16507,1.16516,1.1646,1.1647,318,318,1
20250821,00:05:00,1.16472,1.16488,1.16462,1.16488,120,120,1
20250821,00:10:00,1.16486,1.16495,1.16472,1.16489,131,131,1
20250821,00:15:00,1.16491,1.16503,1.16483,1.16495,144,144,1
20250821,00:20:00,1.16496,1.16496,1.16458,1.16465,161,161,1
20250821,00:25:00,1.16468,1.16472,1.16463,1.16469,92,92,1
20250821,00:30:00,1.16469,1.16471,1.16451,1.16457,123,123,1
20250821,00:35:00,1.16457,1.16462,1.1644,1.1645,124,124,1
20250821,00:40:00,1.1645,1.1645,1.16423,1.16442,121,121,2
20250821,00:45:00,1.16439,1.16439,1.16409,1.16416,148,148,1
20250821,00:50:00,1.16416,1.16433,1.16413,1.16414,215,215,2
20250821,00:55:00,1.16417,1.16468,1.16417,1.16467,266,266,1
20250821,01:00:00,1.16468,1.16499,1.16457,1.16471,319,319,1
20250821,01:05:00,1.16469,1.16477,1.16442,1.16443,164,164,1
20250821,01:10:00,1.16444,1.16473,1.16444,1.16461,99,99,1
20250821,01:15:00,1.16461,1.16477,1.16453,1.16455,162,162,1
20250821,01:20:00,1.16457,1.16479,1.16448,1.16452,97,97,1
20250821,01:25:00,1.16451,1.16455,1.1643,1.16446,246,246,1
20250821,01:30:00,1.16443,1.16447,1.1641,1.16445,175,175,1
20250821,01:35:00,1.16444,1.16492,1.1644,1.16486,141,141,1
20250821,01:40:00,1.16483,1.16505,1.16479,1.16481,126,126,1
20250821,01:45:00,1.1648,1.16498,1.16459,1.16481,180,180,1
20250821,01:50:00,1.16478,1.16498,1.16477,1.16488,118,118,1
20250821,01:55:00,1.16487,1.16491,1.16449,1.1646,194,194,1
20250821,02:00:00,1.16458,1.16474,1.16447,1.16473,167,167,1
20250821,02:05:00,1.16475,1.16493,1.16464,1.16466,162,162,1
20250821,02:10:00,1.16465,1.16493,1.16463,1.16483,85,85,1
20250821,02:15:00,1.16481,1.16487,1.16456,1.1646,115,115,1
20250821,02:20:00,1.16459,1.1646,1.16439,1.16453,238,238,1
20250821,02:25:00,1.16454,1.16467,1.16453,1.16461,152,152,1
20250821,02:30:00,1.1646,1.16467,1.16454,1.16457,140,140,2
20250821,02:35:00,1.16455,1.16465,1.16431,1.16439,182,182,2
20250821,02:40:00,1.16437,1.1646,1.16433,1.16458,158,158,1
20250821,02:45:00,1.16455,1.16467,1.1645,1.1646,54,54,1
20250821,02:50:00,1.1646,1.16473,1.16453,1.1647,160,160,1
20250821,02:55:00,1.1647,1.16471,1.16459,1.16465,66,66,1
20250821,03:00:00,1.16465,1.16476,1.16459,1.16475,70,70,1
20250821,03:05:00,1.16475,1.16485,1.16475,1.16485,61,61,1
20250821,03:10:00,1.16483,1.16485,1.1647,1.1647,70,70,2
20250821,03:15:00,1.16471,1.16471,1.16459,1.1646,69,69,1
20250821,03:20:00,1.1646,1.16461,1.16448,1.16448,37,37,1
20250821,03:25:00,1.1645,1.16455,1.16429,1.16431,93,93,1
20250821,03:30:00,1.16431,1.16431,1.16415,1.16418,135,135,1
20250821,03:35:00,1.16418,1.16452,1.16417,1.16448,49,49,1
20250821,03:40:00,1.16446,1.16449,1.16438,1.16445,44,44,1
20250821,03:45:00,1.16444,1.16447,1.16439,1.1644,32,32,1
20250821,03:50:00,1.1644,1.16455,1.1644,1.16455,37,37,1
20250821,03:55:00,1.16456,1.16472,1.16456,1.1646,51,51,1
20250821,04:00:00,1.16461,1.16461,1.16448,1.16453,60,60,1
20250821,04:05:00,1.16454,1.16455,1.16428,1.16439,64,64,1
20250821,04:10:00,1.1644,1.16452,1.1644,1.16448,56,56,1
20250821,04:15:00,1.16448,1.16455,1.16444,1.16449,32,32,1
20250821,04:20:00,1.16449,1.16468,1.16449,1.16461,62,62,1
20250821,04:25:00,1.16463,1.16463,1.16452,1.16452,52,52,1
20250821,04:30:00,1.16453,1.1648,1.16451,1.16471,70,70,1
20250821,04:35:00,1.16473,1.1648,1.16471,1.16471,39,39,1
20250821,04:40:00,1.1647,1.1647,1.16459,1.16465,38,38,1
20250821,04:45:00,1.16464,1.16472,1.16461,1.16466,52,52,1
20250821,04:50:00,1.16467,1.16478,1.16467,1.1647,49,49,1
20250821,04:55:00,1.16468,1.16468,1.16448,1.16453,134,134,1
20250821,05:00:00,1.16455,1.16464,1.16449,1.1645,116,116,1
20250821,05:05:00,1.1645,1.16462,1.1645,1.16456,54,54,1
20250821,05:10:00,1.16455,1.16458,1.16415,1.16424,155,155,1
20250821,05:15:00,1.16423,1.16448,1.16421,1.16446,183,183,1
20250821,05:20:00,1.16447,1.16461,1.16441,1.16459,150,150,2
20250821,05:25:00,1.16461,1.16476,1.16457,1.16474,43,43,1
20250821,05:30:00,1.16476,1.1648,1.16452,1.16466,106,106,1
20250821,05:35:00,1.16467,1.16476,1.16463,1.16472,45,45,1
20250821,05:40:00,1.16473,1.1648,1.16458,1.16475,87,87,1
20250821,05:45:00,1.16475,1.16481,1.16469,1.16473,94,94,1
20250821,05:50:00,1.16472,1.16485,1.16466,1.16483,133,133,1
20250821,05:55:00,1.1648,1.16496,1.16478,1.16492,201,201,1
20250821,06:00:00,1.16495,1.16497,1.16457,1.16457,184,184,1
20250821,06:05:00,1.16456,1.16468,1.16426,1.16431,156,156,1
20250821,06:10:00,1.1643,1.1644,1.16418,1.1643,171,171,1
20250821,06:15:00,1.1643,1.1645,1.16416,1.16428,192,192,1
20250821,06:20:00,1.16426,1.16426,1.16348,1.1636,319,319,1
20250821,06:25:00,1.16363,1.16369,1.16333,1.16343,229,229,1
20250821,06:30:00,1.16342,1.16364,1.16325,1.16326,181,181,1
20250821,06:35:00,1.16325,1.16356,1.16325,1.1634,165,165,1
20250821,06:40:00,1.1634,1.16353,1.16315,1.16315,191,191,1
20250821,06:45:00,1.16315,1.16328,1.16293,1.16309,175,175,1
20250821,06:50:00,1.16307,1.16315,1.16265,1.16282,231,231,1
20250821,06:55:00,1.1628,1.16305,1.16258,1.16297,426,426,1
20250821,07:00:00,1.16298,1.16299,1.16249,1.16274,351,351,1
20250821,07:05:00,1.16275,1.16324,1.16266,1.16324,390,390,1
20250821,07:10:00,1.16322,1.16352,1.16318,1.16348,206,206,1
20250821,07:15:00,1.16349,1.16436,1.16349,1.16432,648,648,1
20250821,07:20:00,1.16432,1.16435,1.16388,1.16432,241,241,1
20250821,07:25:00,1.16431,1.16433,1.1641,1.16429,263,263,1
20250821,07:30:00,1.16431,1.16534,1.16431,1.16523,505,505,1
20250821,07:35:00,1.16526,1.16576,1.1651,1.1656,306,306,1
20250821,07:40:00,1.16561,1.1659,1.16536,1.16551,240,240,1
20250821,07:45:00,1.1655,1.16569,1.16546,1.16556,138,138,1
20250821,07:50:00,1.16559,1.16587,1.16559,1.16587,229,229,1
20250821,07:55:00,1.1659,1.16613,1.1656,1.16579,203,203,1
20250821,08:00:00,1.1658,1.16593,1.1654,1.16553,387,387,1
20250821,08:05:00,1.16552,1.16555,1.16534,1.16546,242,242,1
20250821,08:10:00,1.16546,1.16549,1.16523,1.16526,186,186,1
20250821,08:15:00,1.16527,1.16535,1.16499,1.16518,261,261,1
20250821,08:20:00,1.16516,1.16554,1.16509,1.16534,170,170,1
20250821,08:25:00,1.16536,1.1655,1.16524,1.16537,144,144,1
20250821,08:30:00,1.16538,1.16585,1.16538,1.1658,281,281,1
20250821,08:35:00,1.16581,1.16582,1.16547,1.16566,120,120,1
20250821,08:40:00,1.16564,1.16564,1.16524,1.16535,200,200,1
20250821,08:45:00,1.16534,1.16545,1.16522,1.16537,156,156,1
20250821,08:50:00,1.16539,1.16554,1.16531,1.16544,172,172,1
20250821,08:55:00,1.16544,1.16578,1.16544,1.16547,229,229,1
20250821,09:00:00,1.16548,1.16557,1.16537,1.16557,156,156,1
20250821,09:05:00,1.16554,1.16566,1.16544,1.16563,110,110,1
20250821,09:10:00,1.16564,1.16606,1.16564,1.16604,193,193,1
20250821,09:15:00,1.16606,1.16626,1.16579,1.16596,173,173,1
20250821,09:20:00,1.1659,1.16599,1.16579,1.16592,170,170,1
20250821,09:25:00,1.1659,1.16597,1.16574,1.16578,159,159,1
20250821,09:30:00,1.16577,1.16585,1.1655,1.16563,149,149,1
20250821,09:35:00,1.16564,1.16589,1.16561,1.16584,117,117,1
20250821,09:40:00,1.16584,1.16611,1.16583,1.16598,139,139,1
20250821,09:45:00,1.16597,1.16604,1.16588,1.16596,201,201,1
20250821,09:50:00,1.16594,1.16597,1.16567,1.16571,136,136,1
20250821,09:55:00,1.1657,1.16586,1.16543,1.16548,201,201,1
20250821,10:00:00,1.16546,1.1656,1.16535,1.16545,208,208,1
20250821,10:05:00,1.16545,1.16565,1.16541,1.16543,142,142,1
20250821,10:10:00,1.16542,1.16542,1.16511,1.16519,234,234,1
20250821,10:15:00,1.16519,1.16519,1.16486,1.16497,149,149,1
20250821,10:20:00,1.16496,1.16512,1.16492,1.16498,122,122,1
20250821,10:25:00,1.16498,1.16505,1.16485,1.165,85,85,1
20250821,10:30:00,1.16497,1.16525,1.1649,1.16518,206,206,1
20250821,10:35:00,1.16516,1.16524,1.1649,1.16491,125,125,1
20250821,10:40:00,1.16491,1.16492,1.16481,1.16486,123,123,1
20250821,10:45:00,1.16486,1.1651,1.16484,1.16509,161,161,1
20250821,10:50:00,1.16505,1.16518,1.16498,1.16514,205,205,1
20250821,10:55:00,1.16515,1.16518,1.16483,1.16491,331,331,1
20250821,11:00:00,1.16492,1.16541,1.1648,1.16532,272,272,1
20250821,11:05:00,1.1653,1.16561,1.1652,1.16557,178,178,1
20250821,11:10:00,1.16558,1.16572,1.16546,1.16554,118,118,1
20250821,11:15:00,1.16556,1.16562,1.16519,1.1652,191,191,1
20250821,11:20:00,1.16522,1.16541,1.16516,1.16525,122,122,1
20250821,11:25:00,1.16525,1.16526,1.16494,1.16496,162,162,1
20250821,11:30:00,1.16496,1.16504,1.16443,1.16461,325,325,1
20250821,11:35:00,1.16462,1.16485,1.16449,1.16467,374,374,1
20250821,11:40:00,1.16468,1.1648,1.1645,1.16453,166,166,1
20250821,11:45:00,1.16453,1.16456,1.16403,1.16434,315,315,1
20250821,11:50:00,1.16436,1.16466,1.16433,1.16437,342,342,1
20250821,11:55:00,1.16436,1.16439,1.16394,1.16403,467,467,1
20250821,12:00:00,1.16404,1.16413,1.16372,1.16397,235,235,1
20250821,12:05:00,1.16398,1.16402,1.16368,1.16388,195,195,1
20250821,12:10:00,1.16387,1.16423,1.16385,1.16421,193,193,1
20250821,12:15:00,1.16421,1.16424,1.1639,1.16407,188,188,1
20250821,12:20:00,1.16408,1.16433,1.16396,1.16433,163,163,1
20250821,12:25:00,1.16432,1.1644,1.16399,1.16403,274,274,1
20250821,12:30:00,1.16402,1.16533,1.16402,1.16533,675,675,1
20250821,12:35:00,1.16533,1.16562,1.16513,1.16516,477,477,1
20250821,12:40:00,1.16516,1.16554,1.16434,1.16435,435,435,1
20250821,12:45:00,1.16435,1.16527,1.16426,1.16518,447,447,1
20250821,12:50:00,1.16518,1.1652,1.16462,1.16467,517,517,1
20250821,12:55:00,1.16466,1.16471,1.16447,1.16466,470,470,1
20250821,13:00:00,1.16465,1.16497,1.16458,1.16483,287,287,1
20250821,13:05:00,1.16484,1.16498,1.16431,1.16467,351,351,1
20250821,13:10:00,1.16467,1.1648,1.16452,1.16472,307,307,1
20250821,13:15:00,1.16468,1.16489,1.16455,1.16469,413,413,1
20250821,13:20:00,1.16467,1.16472,1.1644,1.16449,376,376,1
20250821,13:25:00,1.1645,1.16463,1.16439,1.16461,231,231,1
20250821,13:30:00,1.1646,1.16471,1.16403,1.16443,455,455,1
20250821,13:35:00,1.1644,1.16463,1.16425,1.16426,389,389,1
20250821,13:40:00,1.16425,1.16436,1.16346,1.16347,796,796,1
20250821,13:45:00,1.16345,1.16346,1.16183,1.16295,1312,1312,1
20250821,13:50:00,1.16293,1.16298,1.16194,1.16233,903,903,1
20250821,13:55:00,1.16234,1.16247,1.16154,1.16205,710,710,1
20250821,14:00:00,1.16206,1.16238,1.16165,1.16221,668,668,1
20250821,14:05:00,1.16222,1.16265,1.16197,1.16255,673,673,1
20250821,14:10:00,1.16254,1.16293,1.16223,1.16278,750,750,1
20250821,14:15:00,1.16278,1.16282,1.16228,1.16242,674,674,1
20250821,14:20:00,1.16241,1.16267,1.16199,1.16215,789,789,1
20250821,14:25:00,1.16215,1.1622,1.16201,1.16205,517,517,1
20250821,14:30:00,1.16203,1.16238,1.16198,1.16199,562,562,1
20250821,14:35:00,1.16202,1.1622,1.16156,1.16158,510,510,1
20250821,14:40:00,1.16157,1.16163,1.1609,1.16107,588,588,1
20250821,14:45:00,1.16105,1.16107,1.16061,1.16102,761,761,1
20250821,14:50:00,1.16102,1.1617,1.16071,1.16157,769,769,1
20250821,14:55:00,1.16155,1.16173,1.1613,1.16156,735,735,1
20250821,15:00:00,1.16154,1.16172,1.16116,1.16116,470,470,1
20250821,15:05:00,1.16118,1.16136,1.16085,1.16123,378,378,1
20250821,15:10:00,1.16123,1.16132,1.16018,1.16074,566,566,1
20250821,15:15:00,1.16075,1.1608,1.1601,1.16041,458,458,1
20250821,15:20:00,1.16041,1.1613,1.16021,1.1613,496,496,1
20250821,15:25:00,1.16126,1.16256,1.16109,1.16195,796,796,1
20250821,15:30:00,1.16199,1.16207,1.16147,1.16175,829,829,1
20250821,15:35:00,1.16176,1.16233,1.16159,1.16194,411,411,1
20250821,15:40:00,1.16193,1.16201,1.1612,1.16137,446,446,1
20250821,15:45:00,1.16138,1.16147,1.16111,1.16134,318,318,1
20250821,15:50:00,1.16135,1.16137,1.16063,1.16073,351,351,1
20250821,15:55:00,1.16071,1.16082,1.16038,1.16042,279,279,1
20250821,16:00:00,1.16041,1.16051,1.16025,1.1603,302,302,1
20250821,16:05:00,1.16031,1.16045,1.16026,1.16033,162,162,1
20250821,16:10:00,1.16033,1.16034,1.16013,1.16021,188,188,1
20250821,16:15:00,1.1602,1.16085,1.16019,1.1608,178,178,1
20250821,16:20:00,1.16077,1.16084,1.16061,1.16074,131,131,1
20250821,16:25:00,1.16073,1.16075,1.16057,1.16072,132,132,1
20250821,16:30:00,1.16071,1.16081,1.16055,1.1606,201,201,1
20250821,16:35:00,1.1606,1.16065,1.16033,1.16048,212,212,1
20250821,16:40:00,1.16047,1.16096,1.16039,1.16083,236,236,1
20250821,16:45:00,1.16083,1.16104,1.1608,1.16089,157,157,1
20250821,16:50:00,1.1609,1.16104,1.1608,1.16099,221,221,1
20250821,16:55:00,1.161,1.16117,1.16098,1.16108,216,216,1
20250821,17:00:00,1.16109,1.16146,1.16109,1.16142,227,227,1
20250821,17:05:00,1.16144,1.16164,1.16143,1.16152,311,311,1
20250821,17:10:00,1.16151,1.1617,1.16142,1.16166,297,297,1
20250821,17:15:00,1.16167,1.16172,1.16156,1.16166,201,201,1
20250821,17:20:00,1.16163,1.16165,1.16139,1.16141,126,126,1
20250821,17:25:00,1.1614,1.16143,1.16126,1.16134,80,80,1
20250821,17:30:00,1.16132,1.1614,1.16127,1.16137,75,75,1
20250821,17:35:00,1.16138,1.16155,1.16129,1.1615,68,68,1
20250821,17:40:00,1.16151,1.16167,1.16146,1.16157,65,65,1
20250821,17:45:00,1.16157,1.16185,1.16154,1.16183,127,127,1
20250821,17:50:00,1.16183,1.16185,1.16163,1.16165,107,107,1
20250821,17:55:00,1.16166,1.16185,1.16146,1.16148,201,201,1
20250821,18:00:00,1.16147,1.1615,1.16126,1.16131,137,137,1
20250821,18:05:00,1.16133,1.16141,1.16127,1.16128,80,80,1
20250821,18:10:00,1.16127,1.16127,1.16102,1.16104,85,85,1
20250821,18:15:00,1.16104,1.16152,1.16103,1.16149,145,145,1
20250821,18:20:00,1.1615,1.16168,1.16101,1.16104,199,199,1
20250821,18:25:00,1.16102,1.16115,1.16095,1.16113,170,170,1
20250821,18:30:00,1.16115,1.16138,1.1611,1.16117,162,162,1
20250821,18:35:00,1.16117,1.16126,1.16107,1.16111,80,80,1
20250821,18:40:00,1.16108,1.16119,1.16084,1.16088,95,95,1
20250821,18:45:00,1.16087,1.16091,1.1607,1.1609,127,127,1
20250821,18:50:00,1.16091,1.16111,1.1609,1.16097,77,77,1
20250821,18:55:00,1.16096,1.16107,1.16094,1.16096,158,158,1
20250821,19:00:00,1.16097,1.16099,1.16079,1.16087,96,96,1
20250821,19:05:00,1.16089,1.1609,1.16076,1.16085,94,94,1
20250821,19:10:00,1.16086,1.16096,1.16083,1.16087,88,88,1
20250821,19:15:00,1.16091,1.16101,1.16086,1.16097,44,44,1
20250821,19:20:00,1.16098,1.16098,1.16071,1.16074,59,59,1
20250821,19:25:00,1.16074,1.16076,1.16057,1.16067,109,109,1
20250821,19:30:00,1.16066,1.16075,1.16042,1.16049,144,144,1
20250821,19:35:00,1.1605,1.1605,1.1604,1.16048,64,64,1
20250821,19:40:00,1.16049,1.16053,1.16045,1.16049,90,90,1
20250821,19:45:00,1.16048,1.16051,1.16036,1.16039,46,46,1
20250821,19:50:00,1.16041,1.1605,1.16038,1.16046,54,54,1
20250821,19:55:00,1.16044,1.16056,1.16037,1.16048,109,109,1
20250821,20:00:00,1.16047,1.16051,1.1604,1.16049,76,76,1
20250821,20:05:00,1.16047,1.1605,1.16032,1.1604,92,92,1
20250821,20:10:00,1.1604,1.16042,1.16037,1.16041,83,83,2
20250821,20:15:00,1.1604,1.1605,1.16039,1.16047,67,67,1
20250821,20:20:00,1.16049,1.16058,1.16045,1.16053,94,94,2
20250821,20:25:00,1.16051,1.16067,1.16047,1.16063,51,51,1
20250821,20:30:00,1.16062,1.16065,1.16055,1.1606,57,57,1
20250821,20:35:00,1.1606,1.16076,1.16058,1.16076,45,45,2
20250821,20:40:00,1.16074,1.16084,1.16071,1.16079,48,48,1
20250821,20:45:00,1.16081,1.16083,1.16065,1.1607,85,85,1
20250821,20:50:00,1.1607,1.16071,1.16056,1.16062,128,128,1
20250821,20:55:00,1.16062,1.16063,1.16051,1.16052,245,245,1
20250821,21:00:00,1.16047,1.16047,1.16032,1.1604,29,29,14
20250821,21:05:00,1.16062,1.16062,1.16048,1.16054,25,25,32
20250821,21:10:00,1.16048,1.16082,1.16048,1.16069,83,83,9
20250821,21:15:00,1.16062,1.16083,1.16062,1.16078,33,33,8
20250821,21:20:00,1.16067,1.16098,1.1606,1.16098,49,49,13
20250821,21:25:00,1.16098,1.16106,1.16082,1.16088,38,38,16
20250821,21:30:00,1.16089,1.16091,1.16089,1.1609,7,7,39
20250821,21:35:00,1.1609,1.16092,1.16087,1.16089,25,25,17
20250821,21:40:00,1.16097,1.16099,1.16076,1.16088,154,154,5
20250821,21:45:00,1.16088,1.16089,1.16074,1.16076,381,381,1
20250821,21:50:00,1.16076,1.16077,1.16061,1.16063,122,122,1
20250821,21:55:00,1.16064,1.16077,1.16035,1.16065,636,636,16
20250821,22:00:00,1.16065,1.16099,1.16056,1.16099,157,157,3
20250821,22:05:00,1.16098,1.161,1.1608,1.16081,14,14,4
20250821,22:10:00,1.16082,1.16107,1.16082,1.16107,42,42,3
20250821,22:15:00,1.16105,1.16107,1.16097,1.16098,33,33,1
20250821,22:20:00,1.16097,1.16105,1.16093,1.16102,22,22,4
20250821,22:25:00,1.16102,1.16109,1.161,1.16106,17,17,3
20250821,22:30:00,1.16105,1.16111,1.16104,1.1611,17,17,1
20250821,22:35:00,1.16112,1.16114,1.1611,1.16112,14,14,1
20250821,22:40:00,1.16114,1.16134,1.16111,1.16124,48,48,2
20250821,22:45:00,1.16122,1.16124,1.16117,1.16121,20,20,3
20250821,22:50:00,1.16121,1.16132,1.1612,1.16132,18,18,1
20250821,22:55:00,1.1613,1.16131,1.16127,1.16129,23,23,3
20250821,23:00:00,1.16132,1.16134,1.161,1.161,104,104,1
20250821,23:05:00,1.16101,1.16123,1.16101,1.16107,93,93,1
20250821,23:10:00,1.16108,1.16116,1.16095,1.161,58,58,4
20250821,23:15:00,1.16099,1.1611,1.1609,1.16105,96,96,1
20250821,23:20:00,1.16104,1.16115,1.16102,1.16114,53,53,4
20250821,23:25:00,1.16115,1.16119,1.16107,1.16107,60,60,3
20250821,23:30:00,1.16108,1.16136,1.16108,1.16122,95,95,3
20250821,23:35:00,1.16122,1.16141,1.16121,1.1614,73,73,2
20250821,23:40:00,1.1614,1.16141,1.1613,1.16133,53,53,2
20250821,23:45:00,1.16134,1.16145,1.16133,1.16144,63,63,2
20250821,23:50:00,1.16142,1.16142,1.16128,1.16139,52,52,2
20250821,23:55:00,1.16137,1.16139,1.16119,1.16122,54,54,2
20250822,00:00:00,1.16122,1.16136,1.16104,1.16134,144,144,1
20250822,00:05:00,1.16133,1.16148,1.16132,1.16133,77,77,1
20250822,00:10:00,1.16132,1.16138,1.16121,1.16135,86,86,1
20250822,00:15:00,1.16134,1.16134,1.16113,1.16126,81,81,1
20250822,00:20:00,1.16129,1.16162,1.16129,1.16159,53,53,2
20250822,00:25:00,1.16158,1.16164,1.16135,1.16139,77,77,1
20250822,00:30:00,1.16139,1.16145,1.16128,1.16138,154,154,1
20250822,00:35:00,1.16137,1.16143,1.16131,1.16136,99,99,2
20250822,00:40:00,1.16135,1.1614,1.16126,1.16139,46,46,2
20250822,00:45:00,1.16137,1.16149,1.16132,1.1614,91,91,1
20250822,00:50:00,1.16139,1.16149,1.16132,1.16139,205,205,1
20250822,00:55:00,1.16138,1.16148,1.16127,1.16147,204,204,1
